{"cameraMode":{"drawMode":0,"name":"Shaded","section":"Shading Mode"},"sceneLighting":true,"audioPlay":false,"sceneViewState":{"showFog":true,"showMaterialUpdate":false,"showSkybox":true,"showFlares":true,"showImageEffects":true,"showParticleSystems":true},"in2DMode":false,"pivot":{"x":14.789999961853028,"y":1.0,"z":8.640000343322754},"rotation":{"x":-0.3286806344985962,"y":0.07468853890895844,"z":-0.02608155645430088,"w":-0.9411231875419617},"size":3.6247446537017824,"orthographic":false}