{"cameraMode":{"drawMode":0,"name":"Shaded","section":"Shading Mode"},"sceneLighting":false,"audioPlay":false,"sceneViewState":{"showFog":true,"showMaterialUpdate":false,"showSkybox":false,"showFlares":true,"showImageEffects":true,"showParticleSystems":true},"in2DMode":false,"pivot":{"x":10.13557243347168,"y":0.9330000281333923,"z":17.309999465942384},"rotation":{"x":-0.235721617937088,"y":0.16407883167266847,"z":-0.040415190160274509,"w":-0.9570217728614807},"size":0.7546223998069763,"orthographic":false}