{"cameraMode":{"drawMode":0,"name":"Shaded","section":"Shading Mode"},"sceneLighting":false,"audioPlay":false,"sceneViewState":{"showFog":true,"showMaterialUpdate":false,"showSkybox":false,"showFlares":true,"showImageEffects":true,"showParticleSystems":true},"in2DMode":false,"pivot":{"x":14.660134315490723,"y":-0.009999990463256836,"z":12.687114715576172},"rotation":{"x":0.36922046542167666,"y":0.2957862913608551,"z":-0.12523256242275239,"w":0.8720725178718567},"size":1.7320507764816285,"orthographic":false}