{"cameraMode":{"drawMode":0,"name":"Shaded","section":"Shading Mode"},"sceneLighting":true,"audioPlay":false,"sceneViewState":{"showFog":true,"showMaterialUpdate":false,"showSkybox":true,"showFlares":true,"showImageEffects":true,"showParticleSystems":true},"in2DMode":false,"pivot":{"x":10.048396110534668,"y":-7.865765571594238,"z":24.375324249267579},"rotation":{"x":-0.235721617937088,"y":0.16407883167266847,"z":-0.040415190160274509,"w":-0.9570217728614807},"size":24.112728118896486,"orthographic":false}